sku,channel,week,units,revenue,cost,region,rep,note
SKU-1001,web,2026-W2,11,99.00,71.28,EU-North,Rep-1,Regular sell-through in the field. batch 1
SKU-1002,web,2026-W3,12,120.00,86.40,EU-North,Rep-2,Regular sell-through in the field. batch 2
SKU-1003,web,2026-W4,13,143.00,102.96,EU-North,Rep-3,Regular sell-through in the field. batch 3
SKU-1004,web,2026-W5,14,168.00,120.96,EU-North,Rep-4,Regular sell-through in the field. batch 4
SKU-1005,web,2026-W6,15,120.00,86.40,EU-North,Rep-5,Regular sell-through in the field. batch 5
SKU-1006,web,2026-W7,16,144.00,103.68,EU-North,Rep-6,Regular sell-through in the field. batch 6
SKU-1007,web,2026-W8,17,170.00,122.40,EU-North,Rep-7,Regular sell-through in the field. batch 7
SKU-1008,web,2026-W9,18,198.00,142.56,EU-North,Rep-8,Regular sell-through in the field. batch 8
SKU-1009,web,2026-W10,19,228.00,164.16,EU-North,Rep-9,Regular sell-through in the field. batch 9
SKU-1010,web,2026-W11,20,160.00,115.20,EU-North,Rep-10,Regular sell-through in the field. batch 10
SKU-1011,web,2026-W12,21,189.00,136.08,EU-North,Rep-11,Regular sell-through in the field. batch 11
SKU-1012,web,2026-W13,22,220.00,158.40,EU-North,Rep-0,Regular sell-through in the field. batch 12
SKU-1013,web,2026-W14,23,253.00,182.16,EU-North,Rep-1,Regular sell-through in the field. batch 13
SKU-1014,web,2026-W15,24,288.00,207.36,EU-North,Rep-2,Regular sell-through in the field. batch 14
SKU-1015,web,2026-W16,25,200.00,144.00,EU-North,Rep-3,Regular sell-through in the field. batch 15
SKU-1016,web,2026-W17,26,234.00,168.48,EU-North,Rep-4,Regular sell-through in the field. batch 16
SKU-1017,web,2026-W18,10,100.00,72.00,EU-North,Rep-5,Regular sell-through in the field. batch 17
SKU-1018,web,2026-W19,11,121.00,87.12,EU-North,Rep-6,Regular sell-through in the field. batch 18
SKU-1019,web,2026-W20,12,144.00,103.68,EU-North,Rep-7,Regular sell-through in the field. batch 19
SKU-1020,web,2026-W21,13,104.00,74.88,EU-North,Rep-8,Regular sell-through in the field. batch 20
SKU-1021,web,2026-W22,14,126.00,90.72,EU-North,Rep-9,Regular sell-through in the field. batch 21
SKU-1022,web,2026-W23,15,150.00,108.00,EU-North,Rep-10,Regular sell-through in the field. batch 22
SKU-1023,web,2026-W24,16,176.00,126.72,EU-North,Rep-11,Regular sell-through in the field. batch 23
SKU-1024,web,2026-W25,17,204.00,146.88,EU-North,Rep-0,Regular sell-through in the field. batch 24
SKU-1025,web,2026-W26,18,144.00,103.68,EU-North,Rep-1,Regular sell-through in the field. batch 25
SKU-1026,web,2026-W27,19,171.00,123.12,EU-North,Rep-2,Regular sell-through in the field. batch 26
SKU-1027,web,2026-W28,20,200.00,144.00,EU-North,Rep-3,Regular sell-through in the field. batch 27
SKU-1028,web,2026-W29,21,231.00,166.32,EU-North,Rep-4,Regular sell-through in the field. batch 28
SKU-1029,web,2026-W30,22,264.00,190.08,EU-North,Rep-5,Regular sell-through in the field. batch 29
SKU-1030,web,2026-W31,23,184.00,132.48,EU-North,Rep-6,Regular sell-through in the field. batch 30
SKU-1031,web,2026-W32,24,216.00,155.52,EU-North,Rep-7,Regular sell-through in the field. batch 31
SKU-1032,web,2026-W33,25,250.00,180.00,EU-North,Rep-8,Regular sell-through in the field. batch 32
SKU-1033,web,2026-W34,26,286.00,205.92,EU-North,Rep-9,Regular sell-through in the field. batch 33
SKU-1034,web,2026-W35,10,120.00,86.40,EU-North,Rep-10,Regular sell-through in the field. batch 34
SKU-1035,web,2026-W36,11,88.00,63.36,EU-North,Rep-11,Regular sell-through in the field. batch 35
SKU-1036,web,2026-W37,12,108.00,77.76,EU-North,Rep-0,Regular sell-through in the field. batch 36
SKU-1037,web,2026-W38,13,130.00,93.60,EU-North,Rep-1,Regular sell-through in the field. batch 37
SKU-1038,web,2026-W39,14,154.00,110.88,EU-North,Rep-2,Regular sell-through in the field. batch 38
SKU-1039,web,2026-W40,15,180.00,129.60,EU-North,Rep-3,Regular sell-through in the field. batch 39
SKU-1040,web,2026-W1,16,128.00,92.16,EU-North,Rep-4,Regular sell-through in the field. batch 40
SKU-1041,web,2026-W2,17,153.00,110.16,EU-North,Rep-5,Regular sell-through in the field. batch 41
SKU-1042,web,2026-W3,18,180.00,129.60,EU-North,Rep-6,Regular sell-through in the field. batch 42
SKU-1043,web,2026-W4,19,209.00,150.48,EU-North,Rep-7,Regular sell-through in the field. batch 43
SKU-1044,web,2026-W5,20,240.00,172.80,EU-North,Rep-8,Regular sell-through in the field. batch 44
SKU-1045,web,2026-W6,21,168.00,120.96,EU-North,Rep-9,Regular sell-through in the field. batch 45
SKU-1046,web,2026-W7,22,198.00,142.56,EU-North,Rep-10,Regular sell-through in the field. batch 46
SKU-1047,web,2026-W8,23,230.00,165.60,EU-North,Rep-11,Regular sell-through in the field. batch 47
SKU-1048,web,2026-W9,24,264.00,190.08,EU-North,Rep-0,Regular sell-through in the field. batch 48
SKU-1049,web,2026-W10,25,300.00,216.00,EU-North,Rep-1,Regular sell-through in the field. batch 49
SKU-1050,web,2026-W11,26,208.00,149.76,EU-North,Rep-2,Regular sell-through in the field. batch 50
SKU-1051,web,2026-W12,10,90.00,64.80,EU-North,Rep-3,Regular sell-through in the field. batch 51
SKU-1052,web,2026-W13,11,110.00,79.20,EU-North,Rep-4,Regular sell-through in the field. batch 52
SKU-1053,web,2026-W14,12,132.00,95.04,EU-North,Rep-5,Regular sell-through in the field. batch 53
SKU-1054,web,2026-W15,13,156.00,112.32,EU-North,Rep-6,Regular sell-through in the field. batch 54
SKU-1055,web,2026-W16,14,112.00,80.64,EU-North,Rep-7,Regular sell-through in the field. batch 55
SKU-1056,web,2026-W17,15,135.00,97.20,EU-North,Rep-8,Regular sell-through in the field. batch 56
SKU-1057,web,2026-W18,16,160.00,115.20,EU-North,Rep-9,Regular sell-through in the field. batch 57
SKU-1058,web,2026-W19,17,187.00,134.64,EU-North,Rep-10,Regular sell-through in the field. batch 58
SKU-1059,web,2026-W20,18,216.00,155.52,EU-North,Rep-11,Regular sell-through in the field. batch 59
SKU-1060,web,2026-W21,19,152.00,109.44,EU-North,Rep-0,Regular sell-through in the field. batch 60
SKU-1061,web,2026-W22,20,180.00,129.60,EU-North,Rep-1,Regular sell-through in the field. batch 61
SKU-1062,web,2026-W23,21,210.00,151.20,EU-North,Rep-2,Regular sell-through in the field. batch 62
SKU-1063,web,2026-W24,22,242.00,174.24,EU-North,Rep-3,Regular sell-through in the field. batch 63
SKU-1064,web,2026-W25,23,276.00,198.72,EU-North,Rep-4,Regular sell-through in the field. batch 64
SKU-1065,web,2026-W26,24,192.00,138.24,EU-North,Rep-5,Regular sell-through in the field. batch 65
SKU-1066,web,2026-W27,25,225.00,162.00,EU-North,Rep-6,Regular sell-through in the field. batch 66
SKU-1067,web,2026-W28,26,260.00,187.20,EU-North,Rep-7,Regular sell-through in the field. batch 67
SKU-1068,web,2026-W29,10,110.00,79.20,EU-North,Rep-8,Regular sell-through in the field. batch 68
SKU-1069,web,2026-W30,11,132.00,95.04,EU-North,Rep-9,Regular sell-through in the field. batch 69
SKU-1070,web,2026-W31,12,96.00,69.12,EU-North,Rep-10,Regular sell-through in the field. batch 70
SKU-1071,web,2026-W32,13,117.00,84.24,EU-North,Rep-11,Regular sell-through in the field. batch 71
SKU-1072,web,2026-W33,14,140.00,100.80,EU-North,Rep-0,Regular sell-through in the field. batch 72
SKU-1073,web,2026-W34,15,165.00,118.80,EU-North,Rep-1,Regular sell-through in the field. batch 73
SKU-1074,web,2026-W35,16,192.00,138.24,EU-North,Rep-2,Regular sell-through in the field. batch 74
SKU-1075,web,2026-W36,17,136.00,97.92,EU-North,Rep-3,Regular sell-through in the field. batch 75
SKU-1076,web,2026-W37,18,162.00,116.64,EU-North,Rep-4,Regular sell-through in the field. batch 76
SKU-1077,web,2026-W38,19,190.00,136.80,EU-North,Rep-5,Regular sell-through in the field. batch 77
SKU-1078,web,2026-W39,20,220.00,158.40,EU-North,Rep-6,Regular sell-through in the field. batch 78
SKU-1079,web,2026-W40,21,252.00,181.44,EU-North,Rep-7,Regular sell-through in the field. batch 79
SKU-1080,web,2026-W1,22,176.00,126.72,EU-North,Rep-8,Regular sell-through in the field. batch 80
SKU-1081,web,2026-W2,23,207.00,149.04,EU-North,Rep-9,Regular sell-through in the field. batch 81
SKU-1082,web,2026-W3,24,240.00,172.80,EU-North,Rep-10,Regular sell-through in the field. batch 82
SKU-1083,web,2026-W4,25,275.00,198.00,EU-North,Rep-11,Regular sell-through in the field. batch 83
SKU-1084,web,2026-W5,26,312.00,224.64,EU-North,Rep-0,Regular sell-through in the field. batch 84
SKU-1085,web,2026-W6,10,80.00,57.60,EU-North,Rep-1,Regular sell-through in the field. batch 85
SKU-1086,web,2026-W7,11,99.00,71.28,EU-North,Rep-2,Regular sell-through in the field. batch 86
SKU-1087,web,2026-W8,12,120.00,86.40,EU-North,Rep-3,Regular sell-through in the field. batch 87
SKU-1088,web,2026-W9,13,143.00,102.96,EU-North,Rep-4,Regular sell-through in the field. batch 88
SKU-1089,web,2026-W10,14,168.00,120.96,EU-North,Rep-5,Regular sell-through in the field. batch 89
SKU-1090,web,2026-W11,15,120.00,86.40,EU-North,Rep-6,Regular sell-through in the field. batch 90
SKU-1091,web,2026-W12,16,144.00,103.68,EU-North,Rep-7,Regular sell-through in the field. batch 91
SKU-1092,web,2026-W13,17,170.00,122.40,EU-North,Rep-8,Regular sell-through in the field. batch 92
SKU-1093,web,2026-W14,18,198.00,142.56,EU-North,Rep-9,Regular sell-through in the field. batch 93
SKU-1094,web,2026-W15,19,228.00,164.16,EU-North,Rep-10,Regular sell-through in the field. batch 94
SKU-1095,web,2026-W16,20,160.00,115.20,EU-North,Rep-11,Regular sell-through in the field. batch 95
SKU-1096,web,2026-W17,21,189.00,136.08,EU-North,Rep-0,Regular sell-through in the field. batch 96
SKU-1097,web,2026-W18,22,220.00,158.40,EU-North,Rep-1,Regular sell-through in the field. batch 97
SKU-1098,web,2026-W19,23,253.00,182.16,EU-North,Rep-2,Regular sell-through in the field. batch 98
SKU-1099,web,2026-W20,24,288.00,207.36,EU-North,Rep-3,Regular sell-through in the field. batch 99
SKU-1100,web,2026-W21,25,200.00,144.00,EU-North,Rep-4,Regular sell-through in the field. batch 100
SKU-1101,web,2026-W22,26,234.00,168.48,EU-North,Rep-5,Regular sell-through in the field. batch 101
SKU-1102,web,2026-W23,10,100.00,72.00,EU-North,Rep-6,Regular sell-through in the field. batch 102
SKU-1103,web,2026-W24,11,121.00,87.12,EU-North,Rep-7,Regular sell-through in the field. batch 103
SKU-1104,web,2026-W25,12,144.00,103.68,EU-North,Rep-8,Regular sell-through in the field. batch 104
SKU-1105,web,2026-W26,13,104.00,74.88,EU-North,Rep-9,Regular sell-through in the field. batch 105
SKU-1106,web,2026-W27,14,126.00,90.72,EU-North,Rep-10,Regular sell-through in the field. batch 106
SKU-1107,web,2026-W28,15,150.00,108.00,EU-North,Rep-11,Regular sell-through in the field. batch 107
SKU-1108,web,2026-W29,16,176.00,126.72,EU-North,Rep-0,Regular sell-through in the field. batch 108
SKU-1109,web,2026-W30,17,204.00,146.88,EU-North,Rep-1,Regular sell-through in the field. batch 109
SKU-1110,web,2026-W31,18,144.00,103.68,EU-North,Rep-2,Regular sell-through in the field. batch 110
SKU-1111,web,2026-W32,19,171.00,123.12,EU-North,Rep-3,Regular sell-through in the field. batch 111
SKU-1112,web,2026-W33,20,200.00,144.00,EU-North,Rep-4,Regular sell-through in the field. batch 112
SKU-1113,web,2026-W34,21,231.00,166.32,EU-North,Rep-5,Regular sell-through in the field. batch 113
SKU-1114,web,2026-W35,22,264.00,190.08,EU-North,Rep-6,Regular sell-through in the field. batch 114
SKU-1115,web,2026-W36,23,184.00,132.48,EU-North,Rep-7,Regular sell-through in the field. batch 115
SKU-1116,web,2026-W37,24,216.00,155.52,EU-North,Rep-8,Regular sell-through in the field. batch 116
SKU-1117,web,2026-W38,25,250.00,180.00,EU-North,Rep-9,Regular sell-through in the field. batch 117
SKU-1118,web,2026-W39,26,286.00,205.92,EU-North,Rep-10,Regular sell-through in the field. batch 118
SKU-1119,web,2026-W40,10,120.00,86.40,EU-North,Rep-11,Regular sell-through in the field. batch 119
SKU-1120,web,2026-W1,11,88.00,63.36,EU-North,Rep-0,Regular sell-through in the field. batch 120
SKU-1121,web,2026-W2,12,108.00,77.76,EU-North,Rep-1,Regular sell-through in the field. batch 121
SKU-1122,web,2026-W3,13,130.00,93.60,EU-North,Rep-2,Regular sell-through in the field. batch 122
SKU-1123,web,2026-W4,14,154.00,110.88,EU-North,Rep-3,Regular sell-through in the field. batch 123
SKU-1124,web,2026-W5,15,180.00,129.60,EU-North,Rep-4,Regular sell-through in the field. batch 124
SKU-1125,web,2026-W6,16,128.00,92.16,EU-North,Rep-5,Regular sell-through in the field. batch 125
SKU-1126,web,2026-W7,17,153.00,110.16,EU-North,Rep-6,Regular sell-through in the field. batch 126
SKU-1127,web,2026-W8,18,180.00,129.60,EU-North,Rep-7,Regular sell-through in the field. batch 127
SKU-1128,web,2026-W9,19,209.00,150.48,EU-North,Rep-8,Regular sell-through in the field. batch 128
SKU-1129,web,2026-W10,20,240.00,172.80,EU-North,Rep-9,Regular sell-through in the field. batch 129
SKU-1130,web,2026-W11,21,168.00,120.96,EU-North,Rep-10,Regular sell-through in the field. batch 130
SKU-1131,web,2026-W12,22,198.00,142.56,EU-North,Rep-11,Regular sell-through in the field. batch 131
SKU-1132,web,2026-W13,23,230.00,165.60,EU-North,Rep-0,Regular sell-through in the field. batch 132
SKU-1133,web,2026-W14,24,264.00,190.08,EU-North,Rep-1,Regular sell-through in the field. batch 133
SKU-1134,web,2026-W15,25,300.00,216.00,EU-North,Rep-2,Regular sell-through in the field. batch 134
SKU-1135,web,2026-W16,26,208.00,149.76,EU-North,Rep-3,Regular sell-through in the field. batch 135
SKU-1136,web,2026-W17,10,90.00,64.80,EU-North,Rep-4,Regular sell-through in the field. batch 136
SKU-1137,web,2026-W18,11,110.00,79.20,EU-North,Rep-5,Regular sell-through in the field. batch 137
SKU-1138,web,2026-W19,12,132.00,95.04,EU-North,Rep-6,Regular sell-through in the field. batch 138
SKU-1139,web,2026-W20,13,156.00,112.32,EU-North,Rep-7,Regular sell-through in the field. batch 139
SKU-1140,web,2026-W21,14,112.00,80.64,EU-North,Rep-8,Regular sell-through in the field. batch 140
SKU-1141,web,2026-W22,15,135.00,97.20,EU-North,Rep-9,Regular sell-through in the field. batch 141
SKU-1142,web,2026-W23,16,160.00,115.20,EU-North,Rep-10,Regular sell-through in the field. batch 142
SKU-1143,web,2026-W24,17,187.00,134.64,EU-North,Rep-11,Regular sell-through in the field. batch 143
SKU-1144,web,2026-W25,18,216.00,155.52,EU-North,Rep-0,Regular sell-through in the field. batch 144
SKU-1145,web,2026-W26,19,152.00,109.44,EU-North,Rep-1,Regular sell-through in the field. batch 145
SKU-1146,web,2026-W27,20,180.00,129.60,EU-North,Rep-2,Regular sell-through in the field. batch 146
SKU-1147,web,2026-W28,21,210.00,151.20,EU-North,Rep-3,Regular sell-through in the field. batch 147
SKU-1148,web,2026-W29,22,242.00,174.24,EU-North,Rep-4,Regular sell-through in the field. batch 148
SKU-1149,web,2026-W30,23,276.00,198.72,EU-North,Rep-5,Regular sell-through in the field. batch 149
SKU-1150,web,2026-W31,24,192.00,138.24,EU-North,Rep-6,Regular sell-through in the field. batch 150
SKU-1151,web,2026-W32,25,225.00,162.00,EU-North,Rep-7,Regular sell-through in the field. batch 151
SKU-1152,web,2026-W33,26,260.00,187.20,EU-North,Rep-8,Regular sell-through in the field. batch 152
SKU-1153,web,2026-W34,10,110.00,79.20,EU-North,Rep-9,Regular sell-through in the field. batch 153
SKU-1154,web,2026-W35,11,132.00,95.04,EU-North,Rep-10,Regular sell-through in the field. batch 154
SKU-1155,web,2026-W36,12,96.00,69.12,EU-North,Rep-11,Regular sell-through in the field. batch 155
SKU-1156,web,2026-W37,13,117.00,84.24,EU-North,Rep-0,Regular sell-through in the field. batch 156
SKU-1157,web,2026-W38,14,140.00,100.80,EU-North,Rep-1,Regular sell-through in the field. batch 157
SKU-1158,web,2026-W39,15,165.00,118.80,EU-North,Rep-2,Regular sell-through in the field. batch 158
SKU-1159,web,2026-W40,16,192.00,138.24,EU-North,Rep-3,Regular sell-through in the field. batch 159
SKU-1160,web,2026-W1,17,136.00,97.92,EU-North,Rep-4,Regular sell-through in the field. batch 160
SKU-1161,web,2026-W2,18,162.00,116.64,EU-North,Rep-5,Regular sell-through in the field. batch 161
SKU-1162,web,2026-W3,19,190.00,136.80,EU-North,Rep-6,Regular sell-through in the field. batch 162
SKU-1163,web,2026-W4,20,220.00,158.40,EU-North,Rep-7,Regular sell-through in the field. batch 163
SKU-1164,web,2026-W5,21,252.00,181.44,EU-North,Rep-8,Regular sell-through in the field. batch 164
SKU-1165,web,2026-W6,22,176.00,126.72,EU-North,Rep-9,Regular sell-through in the field. batch 165
SKU-1166,web,2026-W7,23,207.00,149.04,EU-North,Rep-10,Regular sell-through in the field. batch 166
SKU-1167,web,2026-W8,24,240.00,172.80,EU-North,Rep-11,Regular sell-through in the field. batch 167
SKU-1168,web,2026-W9,25,275.00,198.00,EU-North,Rep-0,Regular sell-through in the field. batch 168
SKU-1169,web,2026-W10,26,312.00,224.64,EU-North,Rep-1,Regular sell-through in the field. batch 169
SKU-1170,web,2026-W11,10,80.00,57.60,EU-North,Rep-2,Regular sell-through in the field. batch 170
SKU-1171,web,2026-W12,11,99.00,71.28,EU-North,Rep-3,Regular sell-through in the field. batch 171
SKU-1172,web,2026-W13,12,120.00,86.40,EU-North,Rep-4,Regular sell-through in the field. batch 172
SKU-1173,web,2026-W14,13,143.00,102.96,EU-North,Rep-5,Regular sell-through in the field. batch 173
SKU-1174,web,2026-W15,14,168.00,120.96,EU-North,Rep-6,Regular sell-through in the field. batch 174
SKU-1175,web,2026-W16,15,120.00,86.40,EU-North,Rep-7,Regular sell-through in the field. batch 175
SKU-1176,web,2026-W17,16,144.00,103.68,EU-North,Rep-8,Regular sell-through in the field. batch 176
SKU-1177,web,2026-W18,17,170.00,122.40,EU-North,Rep-9,Regular sell-through in the field. batch 177
SKU-1178,web,2026-W19,18,198.00,142.56,EU-North,Rep-10,Regular sell-through in the field. batch 178
SKU-1179,web,2026-W20,19,228.00,164.16,EU-North,Rep-11,Regular sell-through in the field. batch 179
SKU-1180,web,2026-W21,20,160.00,115.20,EU-North,Rep-0,Regular sell-through in the field. batch 180
SKU-1181,web,2026-W22,21,189.00,136.08,EU-North,Rep-1,Regular sell-through in the field. batch 181
SKU-1182,web,2026-W23,22,220.00,158.40,EU-North,Rep-2,Regular sell-through in the field. batch 182
SKU-1183,web,2026-W24,23,253.00,182.16,EU-North,Rep-3,Regular sell-through in the field. batch 183
SKU-1184,web,2026-W25,24,288.00,207.36,EU-North,Rep-4,Regular sell-through in the field. batch 184
SKU-1185,web,2026-W26,25,200.00,144.00,EU-North,Rep-5,Regular sell-through in the field. batch 185
SKU-1186,web,2026-W27,26,234.00,168.48,EU-North,Rep-6,Regular sell-through in the field. batch 186
SKU-1187,web,2026-W28,10,4000.00,2360.00,EU-North,Rep-7,Needle row for the margin. batch 187
SKU-1188,web,2026-W29,11,121.00,87.12,EU-North,Rep-8,Regular sell-through in the field. batch 188
SKU-1189,web,2026-W30,12,144.00,103.68,EU-North,Rep-9,Regular sell-through in the field. batch 189
SKU-1190,web,2026-W31,13,104.00,74.88,EU-North,Rep-10,Regular sell-through in the field. batch 190
SKU-1191,web,2026-W32,14,126.00,90.72,EU-North,Rep-11,Regular sell-through in the field. batch 191
SKU-1192,web,2026-W33,15,150.00,108.00,EU-North,Rep-0,Regular sell-through in the field. batch 192
SKU-1193,web,2026-W34,16,176.00,126.72,EU-North,Rep-1,Regular sell-through in the field. batch 193
SKU-1194,web,2026-W35,17,204.00,146.88,EU-North,Rep-2,Regular sell-through in the field. batch 194
SKU-1195,web,2026-W36,18,144.00,103.68,EU-North,Rep-3,Regular sell-through in the field. batch 195
SKU-1196,web,2026-W37,19,171.00,123.12,EU-North,Rep-4,Regular sell-through in the field. batch 196
SKU-1197,web,2026-W38,20,200.00,144.00,EU-North,Rep-5,Regular sell-through in the field. batch 197
SKU-1198,web,2026-W39,21,231.00,166.32,EU-North,Rep-6,Regular sell-through in the field. batch 198
SKU-1199,web,2026-W40,22,264.00,190.08,EU-North,Rep-7,Regular sell-through in the field. batch 199
SKU-1200,web,2026-W1,23,184.00,132.48,EU-North,Rep-8,Regular sell-through in the field. batch 200
SKU-1201,web,2026-W2,24,216.00,155.52,EU-North,Rep-9,Regular sell-through in the field. batch 201
SKU-1202,web,2026-W3,25,250.00,180.00,EU-North,Rep-10,Regular sell-through in the field. batch 202
SKU-1203,web,2026-W4,26,286.00,205.92,EU-North,Rep-11,Regular sell-through in the field. batch 203
SKU-1204,web,2026-W5,10,120.00,86.40,EU-North,Rep-0,Regular sell-through in the field. batch 204
SKU-1205,web,2026-W6,11,88.00,63.36,EU-North,Rep-1,Regular sell-through in the field. batch 205
SKU-1206,web,2026-W7,12,108.00,77.76,EU-North,Rep-2,Regular sell-through in the field. batch 206
SKU-1207,web,2026-W8,13,130.00,93.60,EU-North,Rep-3,Regular sell-through in the field. batch 207
SKU-1208,web,2026-W9,14,154.00,110.88,EU-North,Rep-4,Regular sell-through in the field. batch 208
SKU-1209,web,2026-W10,15,180.00,129.60,EU-North,Rep-5,Regular sell-through in the field. batch 209
SKU-1210,web,2026-W11,16,128.00,92.16,EU-North,Rep-6,Regular sell-through in the field. batch 210
SKU-1211,web,2026-W12,17,153.00,110.16,EU-North,Rep-7,Regular sell-through in the field. batch 211
SKU-1212,web,2026-W13,18,180.00,129.60,EU-North,Rep-8,Regular sell-through in the field. batch 212
SKU-1213,web,2026-W14,19,209.00,150.48,EU-North,Rep-9,Regular sell-through in the field. batch 213
SKU-1214,web,2026-W15,20,240.00,172.80,EU-North,Rep-10,Regular sell-through in the field. batch 214
SKU-1215,web,2026-W16,21,168.00,120.96,EU-North,Rep-11,Regular sell-through in the field. batch 215
SKU-1216,web,2026-W17,22,198.00,142.56,EU-North,Rep-0,Regular sell-through in the field. batch 216
SKU-1217,web,2026-W18,23,230.00,165.60,EU-North,Rep-1,Regular sell-through in the field. batch 217
SKU-1218,web,2026-W19,24,264.00,190.08,EU-North,Rep-2,Regular sell-through in the field. batch 218
SKU-1219,web,2026-W20,25,300.00,216.00,EU-North,Rep-3,Regular sell-through in the field. batch 219
SKU-1220,web,2026-W21,26,208.00,149.76,EU-North,Rep-4,Regular sell-through in the field. batch 220
SKU-1221,web,2026-W22,10,90.00,64.80,EU-North,Rep-5,Regular sell-through in the field. batch 221
SKU-1222,web,2026-W23,11,110.00,79.20,EU-North,Rep-6,Regular sell-through in the field. batch 222
SKU-1223,web,2026-W24,12,132.00,95.04,EU-North,Rep-7,Regular sell-through in the field. batch 223
SKU-1224,web,2026-W25,13,156.00,112.32,EU-North,Rep-8,Regular sell-through in the field. batch 224
SKU-1225,web,2026-W26,14,112.00,80.64,EU-North,Rep-9,Regular sell-through in the field. batch 225
SKU-1226,web,2026-W27,15,135.00,97.20,EU-North,Rep-10,Regular sell-through in the field. batch 226
SKU-1227,web,2026-W28,16,160.00,115.20,EU-North,Rep-11,Regular sell-through in the field. batch 227
SKU-1228,web,2026-W29,17,187.00,134.64,EU-North,Rep-0,Regular sell-through in the field. batch 228
SKU-1229,web,2026-W30,18,216.00,155.52,EU-North,Rep-1,Regular sell-through in the field. batch 229
SKU-1230,web,2026-W31,19,152.00,109.44,EU-North,Rep-2,Regular sell-through in the field. batch 230
SKU-1231,web,2026-W32,20,180.00,129.60,EU-North,Rep-3,Regular sell-through in the field. batch 231
SKU-1232,web,2026-W33,21,210.00,151.20,EU-North,Rep-4,Regular sell-through in the field. batch 232
SKU-1233,web,2026-W34,22,242.00,174.24,EU-North,Rep-5,Regular sell-through in the field. batch 233
SKU-1234,web,2026-W35,23,276.00,198.72,EU-North,Rep-6,Regular sell-through in the field. batch 234
SKU-1235,web,2026-W36,24,192.00,138.24,EU-North,Rep-7,Regular sell-through in the field. batch 235
SKU-1236,web,2026-W37,25,225.00,162.00,EU-North,Rep-8,Regular sell-through in the field. batch 236
SKU-1237,web,2026-W38,26,260.00,187.20,EU-North,Rep-9,Regular sell-through in the field. batch 237
SKU-1238,web,2026-W39,10,110.00,79.20,EU-North,Rep-10,Regular sell-through in the field. batch 238
SKU-1239,web,2026-W40,11,132.00,95.04,EU-North,Rep-11,Regular sell-through in the field. batch 239
SKU-1240,web,2026-W1,12,96.00,69.12,EU-North,Rep-0,Regular sell-through in the field. batch 240
SKU-1241,web,2026-W2,13,117.00,84.24,EU-North,Rep-1,Regular sell-through in the field. batch 241
SKU-1242,web,2026-W3,14,140.00,100.80,EU-North,Rep-2,Regular sell-through in the field. batch 242
SKU-1243,web,2026-W4,15,165.00,118.80,EU-North,Rep-3,Regular sell-through in the field. batch 243
SKU-1244,web,2026-W5,16,192.00,138.24,EU-North,Rep-4,Regular sell-through in the field. batch 244
SKU-1245,web,2026-W6,17,136.00,97.92,EU-North,Rep-5,Regular sell-through in the field. batch 245
SKU-1246,web,2026-W7,18,162.00,116.64,EU-North,Rep-6,Regular sell-through in the field. batch 246
SKU-1247,web,2026-W8,19,190.00,136.80,EU-North,Rep-7,Regular sell-through in the field. batch 247
SKU-1248,web,2026-W9,20,220.00,158.40,EU-North,Rep-8,Regular sell-through in the field. batch 248
SKU-1249,web,2026-W10,21,252.00,181.44,EU-North,Rep-9,Regular sell-through in the field. batch 249
SKU-1250,web,2026-W11,22,176.00,126.72,EU-North,Rep-10,Regular sell-through in the field. batch 250
SKU-1251,web,2026-W12,23,207.00,149.04,EU-North,Rep-11,Regular sell-through in the field. batch 251
SKU-1252,web,2026-W13,24,240.00,172.80,EU-North,Rep-0,Regular sell-through in the field. batch 252
SKU-1253,web,2026-W14,25,275.00,198.00,EU-North,Rep-1,Regular sell-through in the field. batch 253
SKU-1254,web,2026-W15,26,312.00,224.64,EU-North,Rep-2,Regular sell-through in the field. batch 254
SKU-1255,web,2026-W16,10,80.00,57.60,EU-North,Rep-3,Regular sell-through in the field. batch 255
SKU-1256,web,2026-W17,11,99.00,71.28,EU-North,Rep-4,Regular sell-through in the field. batch 256
SKU-1257,web,2026-W18,12,120.00,86.40,EU-North,Rep-5,Regular sell-through in the field. batch 257
SKU-1258,web,2026-W19,13,143.00,102.96,EU-North,Rep-6,Regular sell-through in the field. batch 258
SKU-1259,web,2026-W20,14,168.00,120.96,EU-North,Rep-7,Regular sell-through in the field. batch 259
SKU-1260,web,2026-W21,15,120.00,86.40,EU-North,Rep-8,Regular sell-through in the field. batch 260
SKU-1261,web,2026-W22,16,144.00,103.68,EU-North,Rep-9,Regular sell-through in the field. batch 261
SKU-1262,web,2026-W23,17,170.00,122.40,EU-North,Rep-10,Regular sell-through in the field. batch 262
SKU-1263,web,2026-W24,18,198.00,142.56,EU-North,Rep-11,Regular sell-through in the field. batch 263
SKU-1264,web,2026-W25,19,228.00,164.16,EU-North,Rep-0,Regular sell-through in the field. batch 264
SKU-1265,web,2026-W26,20,160.00,115.20,EU-North,Rep-1,Regular sell-through in the field. batch 265
SKU-1266,web,2026-W27,21,189.00,136.08,EU-North,Rep-2,Regular sell-through in the field. batch 266
SKU-1267,web,2026-W28,22,220.00,158.40,EU-North,Rep-3,Regular sell-through in the field. batch 267
SKU-1268,web,2026-W29,23,253.00,182.16,EU-North,Rep-4,Regular sell-through in the field. batch 268
SKU-1269,web,2026-W30,24,288.00,207.36,EU-North,Rep-5,Regular sell-through in the field. batch 269
SKU-1270,web,2026-W31,25,200.00,144.00,EU-North,Rep-6,Regular sell-through in the field. batch 270
SKU-1271,web,2026-W32,26,234.00,168.48,EU-North,Rep-7,Regular sell-through in the field. batch 271
SKU-1272,web,2026-W33,10,100.00,72.00,EU-North,Rep-8,Regular sell-through in the field. batch 272
SKU-1273,web,2026-W34,11,121.00,87.12,EU-North,Rep-9,Regular sell-through in the field. batch 273
SKU-1274,web,2026-W35,12,144.00,103.68,EU-North,Rep-10,Regular sell-through in the field. batch 274
SKU-1275,web,2026-W36,13,104.00,74.88,EU-North,Rep-11,Regular sell-through in the field. batch 275
SKU-1276,web,2026-W37,14,126.00,90.72,EU-North,Rep-0,Regular sell-through in the field. batch 276
SKU-1277,web,2026-W38,15,150.00,108.00,EU-North,Rep-1,Regular sell-through in the field. batch 277
SKU-1278,web,2026-W39,16,176.00,126.72,EU-North,Rep-2,Regular sell-through in the field. batch 278
SKU-1279,web,2026-W40,17,204.00,146.88,EU-North,Rep-3,Regular sell-through in the field. batch 279
SKU-1280,web,2026-W1,18,144.00,103.68,EU-North,Rep-4,Regular sell-through in the field. batch 280
SKU-1281,web,2026-W2,19,171.00,123.12,EU-North,Rep-5,Regular sell-through in the field. batch 281
SKU-1282,web,2026-W3,20,200.00,144.00,EU-North,Rep-6,Regular sell-through in the field. batch 282
SKU-1283,web,2026-W4,21,231.00,166.32,EU-North,Rep-7,Regular sell-through in the field. batch 283
SKU-1284,web,2026-W5,22,264.00,190.08,EU-North,Rep-8,Regular sell-through in the field. batch 284
SKU-1285,web,2026-W6,23,184.00,132.48,EU-North,Rep-9,Regular sell-through in the field. batch 285
SKU-1286,web,2026-W7,24,216.00,155.52,EU-North,Rep-10,Regular sell-through in the field. batch 286
SKU-1287,web,2026-W8,25,250.00,180.00,EU-North,Rep-11,Regular sell-through in the field. batch 287
SKU-1288,web,2026-W9,26,286.00,205.92,EU-North,Rep-0,Regular sell-through in the field. batch 288
SKU-1289,web,2026-W10,10,120.00,86.40,EU-North,Rep-1,Regular sell-through in the field. batch 289
SKU-1290,web,2026-W11,11,88.00,63.36,EU-North,Rep-2,Regular sell-through in the field. batch 290
SKU-1291,web,2026-W12,12,108.00,77.76,EU-North,Rep-3,Regular sell-through in the field. batch 291
SKU-1292,web,2026-W13,13,130.00,93.60,EU-North,Rep-4,Regular sell-through in the field. batch 292
SKU-1293,web,2026-W14,14,154.00,110.88,EU-North,Rep-5,Regular sell-through in the field. batch 293
SKU-1294,web,2026-W15,15,180.00,129.60,EU-North,Rep-6,Regular sell-through in the field. batch 294
SKU-1295,web,2026-W16,16,128.00,92.16,EU-North,Rep-7,Regular sell-through in the field. batch 295
SKU-1296,web,2026-W17,17,153.00,110.16,EU-North,Rep-8,Regular sell-through in the field. batch 296
SKU-1297,web,2026-W18,18,180.00,129.60,EU-North,Rep-9,Regular sell-through in the field. batch 297
SKU-1298,web,2026-W19,19,209.00,150.48,EU-North,Rep-10,Regular sell-through in the field. batch 298
SKU-1299,web,2026-W20,20,240.00,172.80,EU-North,Rep-11,Regular sell-through in the field. batch 299
SKU-1300,web,2026-W21,21,168.00,120.96,EU-North,Rep-0,Regular sell-through in the field. batch 300
SKU-1301,web,2026-W22,22,198.00,142.56,EU-North,Rep-1,Regular sell-through in the field. batch 301
SKU-1302,web,2026-W23,23,230.00,165.60,EU-North,Rep-2,Regular sell-through in the field. batch 302
SKU-1303,web,2026-W24,24,264.00,190.08,EU-North,Rep-3,Regular sell-through in the field. batch 303
SKU-1304,web,2026-W25,25,300.00,216.00,EU-North,Rep-4,Regular sell-through in the field. batch 304
SKU-1305,web,2026-W26,26,208.00,149.76,EU-North,Rep-5,Regular sell-through in the field. batch 305
SKU-1306,web,2026-W27,10,90.00,64.80,EU-North,Rep-6,Regular sell-through in the field. batch 306
SKU-1307,web,2026-W28,11,110.00,79.20,EU-North,Rep-7,Regular sell-through in the field. batch 307
SKU-1308,web,2026-W29,12,132.00,95.04,EU-North,Rep-8,Regular sell-through in the field. batch 308
SKU-1309,web,2026-W30,13,156.00,112.32,EU-North,Rep-9,Regular sell-through in the field. batch 309
SKU-1310,web,2026-W31,14,112.00,80.64,EU-North,Rep-10,Regular sell-through in the field. batch 310
SKU-1311,web,2026-W32,15,135.00,97.20,EU-North,Rep-11,Regular sell-through in the field. batch 311
SKU-1312,web,2026-W33,16,160.00,115.20,EU-North,Rep-0,Regular sell-through in the field. batch 312
SKU-1313,web,2026-W34,17,187.00,134.64,EU-North,Rep-1,Regular sell-through in the field. batch 313
SKU-1314,web,2026-W35,18,216.00,155.52,EU-North,Rep-2,Regular sell-through in the field. batch 314
SKU-1315,web,2026-W36,19,152.00,109.44,EU-North,Rep-3,Regular sell-through in the field. batch 315
SKU-1316,web,2026-W37,20,180.00,129.60,EU-North,Rep-4,Regular sell-through in the field. batch 316
SKU-1317,web,2026-W38,21,210.00,151.20,EU-North,Rep-5,Regular sell-through in the field. batch 317
SKU-1318,web,2026-W39,22,242.00,174.24,EU-North,Rep-6,Regular sell-through in the field. batch 318
SKU-1319,web,2026-W40,23,276.00,198.72,EU-North,Rep-7,Regular sell-through in the field. batch 319
SKU-1320,web,2026-W1,24,192.00,138.24,EU-North,Rep-8,Regular sell-through in the field. batch 320
SKU-1321,web,2026-W2,25,225.00,162.00,EU-North,Rep-9,Regular sell-through in the field. batch 321
SKU-1322,web,2026-W3,26,260.00,187.20,EU-North,Rep-10,Regular sell-through in the field. batch 322
SKU-1323,web,2026-W4,10,110.00,79.20,EU-North,Rep-11,Regular sell-through in the field. batch 323
SKU-1324,web,2026-W5,11,132.00,95.04,EU-North,Rep-0,Regular sell-through in the field. batch 324
SKU-1325,web,2026-W6,12,96.00,69.12,EU-North,Rep-1,Regular sell-through in the field. batch 325
SKU-1326,web,2026-W7,13,117.00,84.24,EU-North,Rep-2,Regular sell-through in the field. batch 326
SKU-1327,web,2026-W8,14,140.00,100.80,EU-North,Rep-3,Regular sell-through in the field. batch 327
SKU-1328,web,2026-W9,15,165.00,118.80,EU-North,Rep-4,Regular sell-through in the field. batch 328
SKU-1329,web,2026-W10,16,192.00,138.24,EU-North,Rep-5,Regular sell-through in the field. batch 329
SKU-1330,web,2026-W11,17,136.00,97.92,EU-North,Rep-6,Regular sell-through in the field. batch 330
SKU-1331,web,2026-W12,18,162.00,116.64,EU-North,Rep-7,Regular sell-through in the field. batch 331
SKU-1332,web,2026-W13,19,190.00,136.80,EU-North,Rep-8,Regular sell-through in the field. batch 332
SKU-1333,web,2026-W14,20,220.00,158.40,EU-North,Rep-9,Regular sell-through in the field. batch 333
SKU-1334,web,2026-W15,21,252.00,181.44,EU-North,Rep-10,Regular sell-through in the field. batch 334
SKU-1335,web,2026-W16,22,176.00,126.72,EU-North,Rep-11,Regular sell-through in the field. batch 335
SKU-1336,web,2026-W17,23,207.00,149.04,EU-North,Rep-0,Regular sell-through in the field. batch 336
SKU-1337,web,2026-W18,24,240.00,172.80,EU-North,Rep-1,Regular sell-through in the field. batch 337
SKU-1338,web,2026-W19,25,275.00,198.00,EU-North,Rep-2,Regular sell-through in the field. batch 338
SKU-1339,web,2026-W20,26,312.00,224.64,EU-North,Rep-3,Regular sell-through in the field. batch 339
SKU-1340,web,2026-W21,10,80.00,57.60,EU-North,Rep-4,Regular sell-through in the field. batch 340
SKU-1341,web,2026-W22,11,99.00,71.28,EU-North,Rep-5,Regular sell-through in the field. batch 341
SKU-1342,web,2026-W23,12,120.00,86.40,EU-North,Rep-6,Regular sell-through in the field. batch 342
SKU-1343,web,2026-W24,13,143.00,102.96,EU-North,Rep-7,Regular sell-through in the field. batch 343
SKU-1344,web,2026-W25,14,168.00,120.96,EU-North,Rep-8,Regular sell-through in the field. batch 344
SKU-1345,web,2026-W26,15,120.00,86.40,EU-North,Rep-9,Regular sell-through in the field. batch 345
SKU-1346,web,2026-W27,16,144.00,103.68,EU-North,Rep-10,Regular sell-through in the field. batch 346
SKU-1347,web,2026-W28,17,170.00,122.40,EU-North,Rep-11,Regular sell-through in the field. batch 347
SKU-1348,web,2026-W29,18,198.00,142.56,EU-North,Rep-0,Regular sell-through in the field. batch 348
SKU-1349,web,2026-W30,19,228.00,164.16,EU-North,Rep-1,Regular sell-through in the field. batch 349
SKU-1350,web,2026-W31,20,160.00,115.20,EU-North,Rep-2,Regular sell-through in the field. batch 350
SKU-1351,web,2026-W32,21,189.00,136.08,EU-North,Rep-3,Regular sell-through in the field. batch 351
SKU-1352,web,2026-W33,22,220.00,158.40,EU-North,Rep-4,Regular sell-through in the field. batch 352
SKU-1353,web,2026-W34,23,253.00,182.16,EU-North,Rep-5,Regular sell-through in the field. batch 353
SKU-1354,web,2026-W35,24,288.00,207.36,EU-North,Rep-6,Regular sell-through in the field. batch 354
SKU-1355,web,2026-W36,25,200.00,144.00,EU-North,Rep-7,Regular sell-through in the field. batch 355
SKU-1356,web,2026-W37,26,234.00,168.48,EU-North,Rep-8,Regular sell-through in the field. batch 356
SKU-1357,web,2026-W38,10,100.00,72.00,EU-North,Rep-9,Regular sell-through in the field. batch 357
SKU-1358,web,2026-W39,11,121.00,87.12,EU-North,Rep-10,Regular sell-through in the field. batch 358
SKU-1359,web,2026-W40,12,144.00,103.68,EU-North,Rep-11,Regular sell-through in the field. batch 359
SKU-1360,web,2026-W1,13,104.00,74.88,EU-North,Rep-0,Regular sell-through in the field. batch 360
SKU-1361,web,2026-W2,14,126.00,90.72,EU-North,Rep-1,Regular sell-through in the field. batch 361
SKU-1362,web,2026-W3,15,150.00,108.00,EU-North,Rep-2,Regular sell-through in the field. batch 362
SKU-1363,web,2026-W4,16,176.00,126.72,EU-North,Rep-3,Regular sell-through in the field. batch 363
SKU-1364,web,2026-W5,17,204.00,146.88,EU-North,Rep-4,Regular sell-through in the field. batch 364
SKU-1365,web,2026-W6,18,144.00,103.68,EU-North,Rep-5,Regular sell-through in the field. batch 365
SKU-1366,web,2026-W7,19,171.00,123.12,EU-North,Rep-6,Regular sell-through in the field. batch 366
SKU-1367,web,2026-W8,20,200.00,144.00,EU-North,Rep-7,Regular sell-through in the field. batch 367
SKU-1368,web,2026-W9,21,231.00,166.32,EU-North,Rep-8,Regular sell-through in the field. batch 368
SKU-1369,web,2026-W10,22,264.00,190.08,EU-North,Rep-9,Regular sell-through in the field. batch 369
SKU-1370,web,2026-W11,23,184.00,132.48,EU-North,Rep-10,Regular sell-through in the field. batch 370
SKU-1371,web,2026-W12,24,216.00,155.52,EU-North,Rep-11,Regular sell-through in the field. batch 371
SKU-1372,web,2026-W13,25,250.00,180.00,EU-North,Rep-0,Regular sell-through in the field. batch 372
SKU-1373,web,2026-W14,26,286.00,205.92,EU-North,Rep-1,Regular sell-through in the field. batch 373
SKU-1374,web,2026-W15,10,120.00,86.40,EU-North,Rep-2,Regular sell-through in the field. batch 374
SKU-1375,web,2026-W16,11,88.00,63.36,EU-North,Rep-3,Regular sell-through in the field. batch 375
SKU-1376,web,2026-W17,12,108.00,77.76,EU-North,Rep-4,Regular sell-through in the field. batch 376
SKU-1377,web,2026-W18,13,130.00,93.60,EU-North,Rep-5,Regular sell-through in the field. batch 377
SKU-1378,web,2026-W19,14,154.00,110.88,EU-North,Rep-6,Regular sell-through in the field. batch 378
SKU-1379,web,2026-W20,15,180.00,129.60,EU-North,Rep-7,Regular sell-through in the field. batch 379
SKU-1380,web,2026-W21,16,128.00,92.16,EU-North,Rep-8,Regular sell-through in the field. batch 380
SKU-1381,web,2026-W22,17,153.00,110.16,EU-North,Rep-9,Regular sell-through in the field. batch 381
SKU-1382,web,2026-W23,18,180.00,129.60,EU-North,Rep-10,Regular sell-through in the field. batch 382
SKU-1383,web,2026-W24,19,209.00,150.48,EU-North,Rep-11,Regular sell-through in the field. batch 383
SKU-1384,web,2026-W25,20,240.00,172.80,EU-North,Rep-0,Regular sell-through in the field. batch 384
SKU-1385,web,2026-W26,21,168.00,120.96,EU-North,Rep-1,Regular sell-through in the field. batch 385
SKU-1386,web,2026-W27,22,198.00,142.56,EU-North,Rep-2,Regular sell-through in the field. batch 386
SKU-1387,web,2026-W28,23,230.00,165.60,EU-North,Rep-3,Regular sell-through in the field. batch 387
SKU-1388,web,2026-W29,24,264.00,190.08,EU-North,Rep-4,Regular sell-through in the field. batch 388
SKU-1389,web,2026-W30,25,300.00,216.00,EU-North,Rep-5,Regular sell-through in the field. batch 389
SKU-1390,web,2026-W31,26,208.00,149.76,EU-North,Rep-6,Regular sell-through in the field. batch 390
SKU-1391,web,2026-W32,10,90.00,64.80,EU-North,Rep-7,Regular sell-through in the field. batch 391
SKU-1392,web,2026-W33,11,110.00,79.20,EU-North,Rep-8,Regular sell-through in the field. batch 392
SKU-1393,web,2026-W34,12,132.00,95.04,EU-North,Rep-9,Regular sell-through in the field. batch 393
SKU-1394,web,2026-W35,13,156.00,112.32,EU-North,Rep-10,Regular sell-through in the field. batch 394
SKU-1395,web,2026-W36,14,112.00,80.64,EU-North,Rep-11,Regular sell-through in the field. batch 395
SKU-1396,web,2026-W37,15,135.00,97.20,EU-North,Rep-0,Regular sell-through in the field. batch 396
SKU-1397,web,2026-W38,16,160.00,115.20,EU-North,Rep-1,Regular sell-through in the field. batch 397
SKU-1398,web,2026-W39,17,187.00,134.64,EU-North,Rep-2,Regular sell-through in the field. batch 398
SKU-1399,web,2026-W40,18,216.00,155.52,EU-North,Rep-3,Regular sell-through in the field. batch 399
SKU-1400,web,2026-W1,19,152.00,109.44,EU-North,Rep-4,Regular sell-through in the field. batch 400
SKU-1401,web,2026-W2,20,180.00,129.60,EU-North,Rep-5,Regular sell-through in the field. batch 401
SKU-1402,web,2026-W3,21,210.00,151.20,EU-North,Rep-6,Regular sell-through in the field. batch 402
SKU-1403,web,2026-W4,22,242.00,174.24,EU-North,Rep-7,Regular sell-through in the field. batch 403
SKU-1404,web,2026-W5,23,276.00,198.72,EU-North,Rep-8,Regular sell-through in the field. batch 404
SKU-1405,web,2026-W6,24,192.00,138.24,EU-North,Rep-9,Regular sell-through in the field. batch 405
SKU-1406,web,2026-W7,25,225.00,162.00,EU-North,Rep-10,Regular sell-through in the field. batch 406
SKU-1407,web,2026-W8,26,260.00,187.20,EU-North,Rep-11,Regular sell-through in the field. batch 407
SKU-1408,web,2026-W9,10,110.00,79.20,EU-North,Rep-0,Regular sell-through in the field. batch 408
SKU-1409,web,2026-W10,11,132.00,95.04,EU-North,Rep-1,Regular sell-through in the field. batch 409
SKU-1410,web,2026-W11,12,96.00,69.12,EU-North,Rep-2,Regular sell-through in the field. batch 410
SKU-1411,web,2026-W12,13,117.00,84.24,EU-North,Rep-3,Regular sell-through in the field. batch 411
SKU-1412,web,2026-W13,14,140.00,100.80,EU-North,Rep-4,Regular sell-through in the field. batch 412
SKU-1413,web,2026-W14,15,165.00,118.80,EU-North,Rep-5,Regular sell-through in the field. batch 413
SKU-1414,web,2026-W15,16,192.00,138.24,EU-North,Rep-6,Regular sell-through in the field. batch 414
SKU-1415,web,2026-W16,17,136.00,97.92,EU-North,Rep-7,Regular sell-through in the field. batch 415
SKU-1416,web,2026-W17,18,162.00,116.64,EU-North,Rep-8,Regular sell-through in the field. batch 416
SKU-1417,web,2026-W18,19,190.00,136.80,EU-North,Rep-9,Regular sell-through in the field. batch 417
SKU-1418,web,2026-W19,20,220.00,158.40,EU-North,Rep-10,Regular sell-through in the field. batch 418
SKU-1419,web,2026-W20,21,252.00,181.44,EU-North,Rep-11,Regular sell-through in the field. batch 419
SKU-1420,web,2026-W21,22,176.00,126.72,EU-North,Rep-0,Regular sell-through in the field. batch 420
SKU-1421,web,2026-W22,23,207.00,149.04,EU-North,Rep-1,Regular sell-through in the field. batch 421
SKU-1422,web,2026-W23,24,240.00,172.80,EU-North,Rep-2,Regular sell-through in the field. batch 422
SKU-1423,web,2026-W24,25,275.00,198.00,EU-North,Rep-3,Regular sell-through in the field. batch 423
SKU-1424,web,2026-W25,26,312.00,224.64,EU-North,Rep-4,Regular sell-through in the field. batch 424
SKU-1425,web,2026-W26,10,80.00,57.60,EU-North,Rep-5,Regular sell-through in the field. batch 425
SKU-1426,web,2026-W27,11,99.00,71.28,EU-North,Rep-6,Regular sell-through in the field. batch 426
SKU-1427,web,2026-W28,12,120.00,86.40,EU-North,Rep-7,Regular sell-through in the field. batch 427
SKU-1428,web,2026-W29,13,143.00,102.96,EU-North,Rep-8,Regular sell-through in the field. batch 428
SKU-1429,web,2026-W30,14,168.00,120.96,EU-North,Rep-9,Regular sell-through in the field. batch 429
SKU-1430,web,2026-W31,15,120.00,86.40,EU-North,Rep-10,Regular sell-through in the field. batch 430
SKU-1431,web,2026-W32,16,144.00,103.68,EU-North,Rep-11,Regular sell-through in the field. batch 431
SKU-1432,web,2026-W33,17,170.00,122.40,EU-North,Rep-0,Regular sell-through in the field. batch 432
SKU-1433,web,2026-W34,18,198.00,142.56,EU-North,Rep-1,Regular sell-through in the field. batch 433
SKU-1434,web,2026-W35,19,228.00,164.16,EU-North,Rep-2,Regular sell-through in the field. batch 434
SKU-1435,web,2026-W36,20,160.00,115.20,EU-North,Rep-3,Regular sell-through in the field. batch 435
SKU-1436,web,2026-W37,21,189.00,136.08,EU-North,Rep-4,Regular sell-through in the field. batch 436
SKU-1437,web,2026-W38,22,220.00,158.40,EU-North,Rep-5,Regular sell-through in the field. batch 437
SKU-1438,web,2026-W39,23,253.00,182.16,EU-North,Rep-6,Regular sell-through in the field. batch 438
SKU-1439,web,2026-W40,24,288.00,207.36,EU-North,Rep-7,Regular sell-through in the field. batch 439
SKU-1440,web,2026-W1,25,200.00,144.00,EU-North,Rep-8,Regular sell-through in the field. batch 440
SKU-1441,web,2026-W2,26,234.00,168.48,EU-North,Rep-9,Regular sell-through in the field. batch 441
SKU-1442,web,2026-W3,10,100.00,72.00,EU-North,Rep-10,Regular sell-through in the field. batch 442
SKU-1443,web,2026-W4,11,121.00,87.12,EU-North,Rep-11,Regular sell-through in the field. batch 443
SKU-1444,web,2026-W5,12,144.00,103.68,EU-North,Rep-0,Regular sell-through in the field. batch 444
SKU-1445,web,2026-W6,13,104.00,74.88,EU-North,Rep-1,Regular sell-through in the field. batch 445
SKU-1446,web,2026-W7,14,126.00,90.72,EU-North,Rep-2,Regular sell-through in the field. batch 446
SKU-1447,web,2026-W8,15,150.00,108.00,EU-North,Rep-3,Regular sell-through in the field. batch 447
SKU-1448,web,2026-W9,16,176.00,126.72,EU-North,Rep-4,Regular sell-through in the field. batch 448
SKU-1449,web,2026-W10,17,204.00,146.88,EU-North,Rep-5,Regular sell-through in the field. batch 449
SKU-1450,web,2026-W11,18,144.00,103.68,EU-North,Rep-6,Regular sell-through in the field. batch 450
SKU-1451,web,2026-W12,19,171.00,123.12,EU-North,Rep-7,Regular sell-through in the field. batch 451
SKU-1452,web,2026-W13,20,200.00,144.00,EU-North,Rep-8,Regular sell-through in the field. batch 452
SKU-1453,web,2026-W14,21,231.00,166.32,EU-North,Rep-9,Regular sell-through in the field. batch 453
SKU-1454,web,2026-W15,22,264.00,190.08,EU-North,Rep-10,Regular sell-through in the field. batch 454
SKU-1455,web,2026-W16,23,184.00,132.48,EU-North,Rep-11,Regular sell-through in the field. batch 455
SKU-1456,web,2026-W17,24,216.00,155.52,EU-North,Rep-0,Regular sell-through in the field. batch 456
SKU-1457,web,2026-W18,25,250.00,180.00,EU-North,Rep-1,Regular sell-through in the field. batch 457
SKU-1458,web,2026-W19,26,286.00,205.92,EU-North,Rep-2,Regular sell-through in the field. batch 458
SKU-1459,web,2026-W20,10,120.00,86.40,EU-North,Rep-3,Regular sell-through in the field. batch 459
SKU-1460,web,2026-W21,11,88.00,63.36,EU-North,Rep-4,Regular sell-through in the field. batch 460
SKU-1461,web,2026-W22,12,108.00,77.76,EU-North,Rep-5,Regular sell-through in the field. batch 461
SKU-1462,web,2026-W23,13,130.00,93.60,EU-North,Rep-6,Regular sell-through in the field. batch 462
SKU-1463,web,2026-W24,14,154.00,110.88,EU-North,Rep-7,Regular sell-through in the field. batch 463
SKU-1464,web,2026-W25,15,180.00,129.60,EU-North,Rep-8,Regular sell-through in the field. batch 464
SKU-1465,web,2026-W26,16,128.00,92.16,EU-North,Rep-9,Regular sell-through in the field. batch 465
SKU-1466,web,2026-W27,17,153.00,110.16,EU-North,Rep-10,Regular sell-through in the field. batch 466
SKU-1467,web,2026-W28,18,180.00,129.60,EU-North,Rep-11,Regular sell-through in the field. batch 467
SKU-1468,web,2026-W29,19,209.00,150.48,EU-North,Rep-0,Regular sell-through in the field. batch 468
SKU-1469,web,2026-W30,20,240.00,172.80,EU-North,Rep-1,Regular sell-through in the field. batch 469
SKU-1470,web,2026-W31,21,168.00,120.96,EU-North,Rep-2,Regular sell-through in the field. batch 470
SKU-1471,web,2026-W32,22,198.00,142.56,EU-North,Rep-3,Regular sell-through in the field. batch 471
SKU-1472,web,2026-W33,23,230.00,165.60,EU-North,Rep-4,Regular sell-through in the field. batch 472
SKU-1473,web,2026-W34,24,264.00,190.08,EU-North,Rep-5,Regular sell-through in the field. batch 473
SKU-1474,web,2026-W35,25,300.00,216.00,EU-North,Rep-6,Regular sell-through in the field. batch 474
SKU-1475,web,2026-W36,26,208.00,149.76,EU-North,Rep-7,Regular sell-through in the field. batch 475
SKU-1476,web,2026-W37,10,90.00,64.80,EU-North,Rep-8,Regular sell-through in the field. batch 476
SKU-1477,web,2026-W38,11,110.00,79.20,EU-North,Rep-9,Regular sell-through in the field. batch 477
SKU-1478,web,2026-W39,12,132.00,95.04,EU-North,Rep-10,Regular sell-through in the field. batch 478
SKU-1479,web,2026-W40,13,156.00,112.32,EU-North,Rep-11,Regular sell-through in the field. batch 479
SKU-1480,web,2026-W1,14,112.00,80.64,EU-North,Rep-0,Regular sell-through in the field. batch 480
# Historical aside without a metric. 0 xxxxxxxxxxxxxxxxxxxxxxxxxxxxxxxxxxxxxxxxxxxxxxxxxxxxxxxxxxxxxxxxxxxxxxxxxxxxxxxx
# Historical aside without a metric. 1 xxxxxxxxxxxxxxxxxxxxxxxxxxxxxxxxxxxxxxxxxxxxxxxxxxxxxxxxxxxxxxxxxxxxxxxxxxxxxxxx
# Historical aside without a metric. 2 xxxxxxxxxxxxxxxxxxxxxxxxxxxxxxxxxxxxxxxxxxxxxxxxxxxxxxxxxxxxxxxxxxxxxxxxxxxxxxxx
# Historical aside without a metric. 3 xxxxxxxxxxxxxxxxxxxxxxxxxxxxxxxxxxxxxxxxxxxxxxxxxxxxxxxxxxxxxxxxxxxxxxxxxxxxxxxx
# Historical aside without a metric. 4 xxxxxxxxxxxxxxxxxxxxxxxxxxxxxxxxxxxxxxxxxxxxxxxxxxxxxxxxxxxxxxxxxxxxxxxxxxxxxxxx
# Historical aside without a metric. 5 xxxxxxxxxxxxxxxxxxxxxxxxxxxxxxxxxxxxxxxxxxxxxxxxxxxxxxxxxxxxxxxxxxxxxxxxxxxxxxxx
# Historical aside without a metric. 6 xxxxxxxxxxxxxxxxxxxxxxxxxxxxxxxxxxxxxxxxxxxxxxxxxxxxxxxxxxxxxxxxxxxxxxxxxxxxxxxx
# Historical aside without a metric. 7 xxxxxxxxxxxxxxxxxxxxxxxxxxxxxxxxxxxxxxxxxxxxxxxxxxxxxxxxxxxxxxxxxxxxxxxxxxxxxxxx
# Historical aside without a metric. 8 xxxxxxxxxxxxxxxxxxxxxxxxxxxxxxxxxxxxxxxxxxxxxxxxxxxxxxxxxxxxxxxxxxxxxxxxxxxxxxxx
# Historical aside without a metric. 9 xxxxxxxxxxxxxxxxxxxxxxxxxxxxxxxxxxxxxxxxxxxxxxxxxxxxxxxxxxxxxxxxxxxxxxxxxxxxxxxx
# Historical aside without a metric. 10 xxxxxxxxxxxxxxxxxxxxxxxxxxxxxxxxxxxxxxxxxxxxxxxxxxxxxxxxxxxxxxxxxxxxxxxxxxxxxxxx
# Historical aside without a metric. 11 xxxxxxxxxxxxxxxxxxxxxxxxxxxxxxxxxxxxxxxxxxxxxxxxxxxxxxxxxxxxxxxxxxxxxxxxxxxxxxxx
# Historical aside without a metric. 12 xxxxxxxxxxxxxxxxxxxxxxxxxxxxxxxxxxxxxxxxxxxxxxxxxxxxxxxxxxxxxxxxxxxxxxxxxxxxxxxx
# Historical aside without a metric. 13 xxxxxxxxxxxxxxxxxxxxxxxxxxxxxxxxxxxxxxxxxxxxxxxxxxxxxxxxxxxxxxxxxxxxxxxxxxxxxxxx
# Historical aside without a metric. 14 xxxxxxxxxxxxxxxxxxxxxxxxxxxxxxxxxxxxxxxxxxxxxxxxxxxxxxxxxxxxxxxxxxxxxxxxxxxxxxxx
# Historical aside without a metric. 15 xxxxxxxxxxxxxxxxxxxxxxxxxxxxxxxxxxxxxxxxxxxxxxxxxxxxxxxxxxxxxxxxxxxxxxxxxxxxxxxx
# Historical aside without a metric. 16 xxxxxxxxxxxxxxxxxxxxxxxxxxxxxxxxxxxxxxxxxxxxxxxxxxxxxxxxxxxxxxxxxxxxxxxxxxxxxxxx
# Historical aside without a metric. 17 xxxxxxxxxxxxxxxxxxxxxxxxxxxxxxxxxxxxxxxxxxxxxxxxxxxxxxxxxxxxxxxxxxxxxxxxxxxxxxxx
# Historical aside without a metric. 18 xxxxxxxxxxxxxxxxxxxxxxxxxxxxxxxxxxxxxxxxxxxxxxxxxxxxxxxxxxxxxxxxxxxxxxxxxxxxxxxx
# Historical aside without a metric. 19 xxxxxxxxxxxxxxxxxxxxxxxxxxxxxxxxxxxxxxxxxxxxxxxxxxxxxxxxxxxxxxxxxxxxxxxxxxxxxxxx
# Historical aside without a metric. 20 xxxxxxxxxxxxxxxxxxxxxxxxxxxxxxxxxxxxxxxxxxxxxxxxxxxxxxxxxxxxxxxxxxxxxxxxxxxxxxxx
# Historical aside without a metric. 21 xxxxxxxxxxxxxxxxxxxxxxxxxxxxxxxxxxxxxxxxxxxxxxxxxxxxxxxxxxxxxxxxxxxxxxxxxxxxxxxx
# Historical aside without a metric. 22 xxxxxxxxxxxxxxxxxxxxxxxxxxxxxxxxxxxxxxxxxxxxxxxxxxxxxxxxxxxxxxxxxxxxxxxxxxxxxxxx
# Historical aside without a metric. 23 xxxxxxxxxxxxxxxxxxxxxxxxxxxxxxxxxxxxxxxxxxxxxxxxxxxxxxxxxxxxxxxxxxxxxxxxxxxxxxxx
# Historical aside without a metric. 24 xxxxxxxxxxxxxxxxxxxxxxxxxxxxxxxxxxxxxxxxxxxxxxxxxxxxxxxxxxxxxxxxxxxxxxxxxxxxxxxx
# Historical aside without a metric. 25 xxxxxxxxxxxxxxxxxxxxxxxxxxxxxxxxxxxxxxxxxxxxxxxxxxxxxxxxxxxxxxxxxxxxxxxxxxxxxxxx
# Historical aside without a metric. 26 xxxxxxxxxxxxxxxxxxxxxxxxxxxxxxxxxxxxxxxxxxxxxxxxxxxxxxxxxxxxxxxxxxxxxxxxxxxxxxxx
# Historical aside without a metric. 27 xxxxxxxxxxxxxxxxxxxxxxxxxxxxxxxxxxxxxxxxxxxxxxxxxxxxxxxxxxxxxxxxxxxxxxxxxxxxxxxx
# Historical aside without a metric. 28 xxxxxxxxxxxxxxxxxxxxxxxxxxxxxxxxxxxxxxxxxxxxxxxxxxxxxxxxxxxxxxxxxxxxxxxxxxxxxxxx
# Historical aside without a metric. 29 xxxxxxxxxxxxxxxxxxxxxxxxxxxxxxxxxxxxxxxxxxxxxxxxxxxxxxxxxxxxxxxxxxxxxxxxxxxxxxxx
# Historical aside without a metric. 30 xxxxxxxxxxxxxxxxxxxxxxxxxxxxxxxxxxxxxxxxxxxxxxxxxxxxxxxxxxxxxxxxxxxxxxxxxxxxxxxx
# Historical aside without a metric. 31 xxxxxxxxxxxxxxxxxxxxxxxxxxxxxxxxxxxxxxxxxxxxxxxxxxxxxxxxxxxxxxxxxxxxxxxxxxxxxxxx
# Historical aside without a metric. 32 xxxxxxxxxxxxxxxxxxxxxxxxxxxxxxxxxxxxxxxxxxxxxxxxxxxxxxxxxxxxxxxxxxxxxxxxxxxxxxxx
# Historical aside without a metric. 33 xxxxxxxxxxxxxxxxxxxxxxxxxxxxxxxxxxxxxxxxxxxxxxxxxxxxxxxxxxxxxxxxxxxxxxxxxxxxxxxx
# Historical aside without a metric. 34 xxxxxxxxxxxxxxxxxxxxxxxxxxxxxxxxxxxxxxxxxxxxxxxxxxxxxxxxxxxxxxxxxxxxxxxxxxxxxxxx
# Historical aside without a metric. 35 xxxxxxxxxxxxxxxxxxxxxxxxxxxxxxxxxxxxxxxxxxxxxxxxxxxxxxxxxxxxxxxxxxxxxxxxxxxxxxxx
# Historical aside without a metric. 36 xxxxxxxxxxxxxxxxxxxxxxxxxxxxxxxxxxxxxxxxxxxxxxxxxxxxxxxxxxxxxxxxxxxxxxxxxxxxxxxx
# Historical aside without a metric. 37 xxxxxxxxxxxxxxxxxxxxxxxxxxxxxxxxxxxxxxxxxxxxxxxxxxxxxxxxxxxxxxxxxxxxxxxxxxxxxxxx
# Historical aside without a metric. 38 xxxxxxxxxxxxxxxxxxxxxxxxxxxxxxxxxxxxxxxxxxxxxxxxxxxxxxxxxxxxxxxxxxxxxxxxxxxxxxxx
# Historical aside without a metric. 39 xxxxxxxxxxxxxxxxxxxxxxxxxxxxxxxxxxxxxxxxxxxxxxxxxxxxxxxxxxxxxxxxxxxxxxxxxxxxxxxx
# Historical aside without a metric. 40 xxxxxxxxxxxxxxxxxxxxxxxxxxxxxxxxxxxxxxxxxxxxxxxxxxxxxxxxxxxxxxxxxxxxxxxxxxxxxxxx
# Historical aside without a metric. 41 xxxxxxxxxxxxxxxxxxxxxxxxxxxxxxxxxxxxxxxxxxxxxxxxxxxxxxxxxxxxxxxxxxxxxxxxxxxxxxxx
# Historical aside without a metric. 42 xxxxxxxxxxxxxxxxxxxxxxxxxxxxxxxxxxxxxxxxxxxxxxxxxxxxxxxxxxxxxxxxxxxxxxxxxxxxxxxx
# Historical aside without a metric. 43 xxxxxxxxxxxxxxxxxxxxxxxxxxxxxxxxxxxxxxxxxxxxxxxxxxxxxxxxxxxxxxxxxxxxxxxxxxxxxxxx
# Historical aside without a metric. 44 xxxxxxxxxxxxxxxxxxxxxxxxxxxxxxxxxxxxxxxxxxxxxxxxxxxxxxxxxxxxxxxxxxxxxxxxxxxxxxxx
# Historical aside without a metric. 45 xxxxxxxxxxxxxxxxxxxxxxxxxxxxxxxxxxxxxxxxxxxxxxxxxxxxxxxxxxxxxxxxxxxxxxxxxxxxxxxx
# Historical aside without a metric. 46 xxxxxxxxxxxxxxxxxxxxxxxxxxxxxxxxxxxxxxxxxxxxxxxxxxxxxxxxxxxxxxxxxxxxxxxxxxxxxxxx
# Historical aside without a metric. 47 xxxxxxxxxxxxxxxxxxxxxxxxxxxxxxxxxxxxxxxxxxxxxxxxxxxxxxxxxxxxxxxxxxxxxxxxxxxxxxxx
# Historical aside without a metric. 48 xxxxxxxxxxxxxxxxxxxxxxxxxxxxxxxxxxxxxxxxxxxxxxxxxxxxxxxxxxxxxxxxxxxxxxxxxxxxxxxx
# Historical aside without a metric. 49 xxxxxxxxxxxxxxxxxxxxxxxxxxxxxxxxxxxxxxxxxxxxxxxxxxxxxxxxxxxxxxxxxxxxxxxxxxxxxxxx
# Historical aside without a metric. 50 xxxxxxxxxxxxxxxxxxxxxxxxxxxxxxxxxxxxxxxxxxxxxxxxxxxxxxxxxxxxxxxxxxxxxxxxxxxxxxxx
# Historical aside without a metric. 51 xxxxxxxxxxxxxxxxxxxxxxxxxxxxxxxxxxxxxxxxxxxxxxxxxxxxxxxxxxxxxxxxxxxxxxxxxxxxxxxx
# Historical aside without a metric. 52 xxxxxxxxxxxxxxxxxxxxxxxxxxxxxxxxxxxxxxxxxxxxxxxxxxxxxxxxxxxxxxxxxxxxxxxxxxxxxxxx
# Historical aside without a metric. 53 xxxxxxxxxxxxxxxxxxxxxxxxxxxxxxxxxxxxxxxxxxxxxxxxxxxxxxxxxxxxxxxxxxxxxxxxxxxxxxxx
# Historical aside without a metric. 54 xxxxxxxxxxxxxxxxxxxxxxxxxxxxxxxxxxxxxxxxxxxxxxxxxxxxxxxxxxxxxxxxxxxxxxxxxxxxxxxx
# Historical aside without a metric. 55 xxxxxxxxxxxxxxxxxxxxxxxxxxxxxxxxxxxxxxxxxxxxxxxxxxxxxxxxxxxxxxxxxxxxxxxxxxxxxxxx
# Historical aside without a metric. 56 xxxxxxxxxxxxxxxxxxxxxxxxxxxxxxxxxxxxxxxxxxxxxxxxxxxxxxxxxxxxxxxxxxxxxxxxxxxxxxxx
# Historical aside without a metric. 57 xxxxxxxxxxxxxxxxxxxxxxxxxxxxxxxxxxxxxxxxxxxxxxxxxxxxxxxxxxxxxxxxxxxxxxxxxxxxxxxx
# Historical aside without a metric. 58 xxxxxxxxxxxxxxxxxxxxxxxxxxxxxxxxxxxxxxxxxxxxxxxxxxxxxxxxxxxxxxxxxxxxxxxxxxxxxxxx
# Historical aside without a metric. 59 xxxxxxxxxxxxxxxxxxxxxxxxxxxxxxxxxxxxxxxxxxxxxxxxxxxxxxxxxxxxxxxxxxxxxxxxxxxxxxxx
# Historical aside without a metric. 60 xxxxxxxxxxxxxxxxxxxxxxxxxxxxxxxxxxxxxxxxxxxxxxxxxxxxxxxxxxxxxxxxxxxxxxxxxxxxxxxx
# Historical aside without a metric. 61 xxxxxxxxxxxxxxxxxxxxxxxxxxxxxxxxxxxxxxxxxxxxxxxxxxxxxxxxxxxxxxxxxxxxxxxxxxxxxxxx
# Historical aside without a metric. 62 xxxxxxxxxxxxxxxxxxxxxxxxxxxxxxxxxxxxxxxxxxxxxxxxxxxxxxxxxxxxxxxxxxxxxxxxxxxxxxxx
# Historical aside without a metric. 63 xxxxxxxxxxxxxxxxxxxxxxxxxxxxxxxxxxxxxxxxxxxxxxxxxxxxxxxxxxxxxxxxxxxxxxxxxxxxxxxx
# Historical aside without a metric. 64 xxxxxxxxxxxxxxxxxxxxxxxxxxxxxxxxxxxxxxxxxxxxxxxxxxxxxxxxxxxxxxxxxxxxxxxxxxxxxxxx
# Historical aside without a metric. 65 xxxxxxxxxxxxxxxxxxxxxxxxxxxxxxxxxxxxxxxxxxxxxxxxxxxxxxxxxxxxxxxxxxxxxxxxxxxxxxxx
# Historical aside without a metric. 66 xxxxxxxxxxxxxxxxxxxxxxxxxxxxxxxxxxxxxxxxxxxxxxxxxxxxxxxxxxxxxxxxxxxxxxxxxxxxxxxx
# Historical aside without a metric. 67 xxxxxxxxxxxxxxxxxxxxxxxxxxxxxxxxxxxxxxxxxxxxxxxxxxxxxxxxxxxxxxxxxxxxxxxxxxxxxxxx
# Historical aside without a metric. 68 xxxxxxxxxxxxxxxxxxxxxxxxxxxxxxxxxxxxxxxxxxxxxxxxxxxxxxxxxxxxxxxxxxxxxxxxxxxxxxxx
# Historical aside without a metric. 69 xxxxxxxxxxxxxxxxxxxxxxxxxxxxxxxxxxxxxxxxxxxxxxxxxxxxxxxxxxxxxxxxxxxxxxxxxxxxxxxx
# Historical aside without a metric. 70 xxxxxxxxxxxxxxxxxxxxxxxxxxxxxxxxxxxxxxxxxxxxxxxxxxxxxxxxxxxxxxxxxxxxxxxxxxxxxxxx
# Historical aside without a metric. 71 xxxxxxxxxxxxxxxxxxxxxxxxxxxxxxxxxxxxxxxxxxxxxxxxxxxxxxxxxxxxxxxxxxxxxxxxxxxxxxxx
# Historical aside without a metric. 72 xxxxxxxxxxxxxxxxxxxxxxxxxxxxxxxxxxxxxxxxxxxxxxxxxxxxxxxxxxxxxxxxxxxxxxxxxxxxxxxx
# Historical aside without a metric. 73 xxxxxxxxxxxxxxxxxxxxxxxxxxxxxxxxxxxxxxxxxxxxxxxxxxxxxxxxxxxxxxxxxxxxxxxxxxxxxxxx
# Historical aside without a metric. 74 xxxxxxxxxxxxxxxxxxxxxxxxxxxxxxxxxxxxxxxxxxxxxxxxxxxxxxxxxxxxxxxxxxxxxxxxxxxxxxxx
# Historical aside without a metric. 75 xxxxxxxxxxxxxxxxxxxxxxxxxxxxxxxxxxxxxxxxxxxxxxxxxxxxxxxxxxxxxxxxxxxxxxxxxxxxxxxx
# Historical aside without a metric. 76 xxxxxxxxxxxxxxxxxxxxxxxxxxxxxxxxxxxxxxxxxxxxxxxxxxxxxxxxxxxxxxxxxxxxxxxxxxxxxxxx
# Historical aside without a metric. 77 xxxxxxxxxxxxxxxxxxxxxxxxxxxxxxxxxxxxxxxxxxxxxxxxxxxxxxxxxxxxxxxxxxxxxxxxxxxxxxxx
# Historical aside without a metric. 78 xxxxxxxxxxxxxxxxxxxxxxxxxxxxxxxxxxxxxxxxxxxxxxxxxxxxxxxxxxxxxxxxxxxxxxxxxxxxxxxx
# Historical aside without a metric. 79 xxxxxxxxxxxxxxxxxxxxxxxxxxxxxxxxxxxxxxxxxxxxxxxxxxxxxxxxxxxxxxxxxxxxxxxxxxxxxxxx
